code,system
14K1.00,readv2
U2...00,readv2
U20..00,readv2
U200.00,readv2
U200000,readv2
U200100,readv2
U200200,readv2
U200300,readv2
U200400,readv2
U200500,readv2
U200600,readv2
U200700,readv2
U200y00,readv2
U200z00,readv2
U201.00,readv2
U201000,readv2
U201100,readv2
U201200,readv2
U201300,readv2
U201400,readv2
U201500,readv2
U201600,readv2
U201700,readv2
U201y00,readv2
U201z00,readv2
U202.00,readv2
U202000,readv2
U202100,readv2
U202200,readv2
U202300,readv2
U202400,readv2
U202500,readv2
U202600,readv2
U202700,readv2
U202y00,readv2
U202z00,readv2
U203.00,readv2
U203000,readv2
U203100,readv2
U203200,readv2
U203300,readv2
U203400,readv2
U203500,readv2
U203600,readv2
U203700,readv2
U203y00,readv2
U203z00,readv2
U204.00,readv2
U204000,readv2
U204100,readv2
U204200,readv2
U204300,readv2
U204400,readv2
U204500,readv2
U204600,readv2
U204700,readv2
U204y00,readv2
U204z00,readv2
U205.00,readv2
U205000,readv2
U205100,readv2
U205200,readv2
U205300,readv2
U205400,readv2
U205500,readv2
U205600,readv2
U205700,readv2
U205y00,readv2
U205z00,readv2
U206.00,readv2
U206000,readv2
U206100,readv2
U206200,readv2
U206300,readv2
U206400,readv2
U206500,readv2
U206600,readv2
U206700,readv2
U206y00,readv2
U206z00,readv2
U208.00,readv2
U209.00,readv2
U209000,readv2
U209100,readv2
U209200,readv2
U209300,readv2
U209400,readv2
U209500,readv2
U209600,readv2
U209700,readv2
U209y00,readv2
U209z00,readv2
U20A.00,readv2
U20A000,readv2
U20A100,readv2
U20A200,readv2
U20A300,readv2
U20A400,readv2
U20A500,readv2
U20A600,readv2
U20A700,readv2
U20Ay00,readv2
U20Az00,readv2
U20B.00,readv2
U20B000,readv2
U20B100,readv2
U20B200,readv2
U20B300,readv2
U20B400,readv2
U20B500,readv2
U20B600,readv2
U20B700,readv2
U20By00,readv2
U20Bz00,readv2
U20C.00,readv2
U20C000,readv2
U20C100,readv2
U20C200,readv2
U20C300,readv2
U20C400,readv2
U20C500,readv2
U20C600,readv2
U20C700,readv2
U20Cy00,readv2
U20Cz00,readv2
U20y.00,readv2
U20y000,readv2
U20y100,readv2
U20y200,readv2
U20y300,readv2
U20y400,readv2
U20y500,readv2
U20y600,readv2
U20y700,readv2
U20yy00,readv2
U20yz00,readv2
U21..00,readv2
U210.00,readv2
U211.00,readv2
U213.00,readv2
U214.00,readv2
U215.00,readv2
U216.00,readv2
U217.00,readv2
U21z.00,readv2
U22..00,readv2
U220.00,readv2
U221.00,readv2
U222.00,readv2
U223.00,readv2
U224.00,readv2
U225.00,readv2
U226.00,readv2
U227.00,readv2
U22z.00,readv2
U23..00,readv2
U230.00,readv2
U231.00,readv2
U233.00,readv2
U234.00,readv2
U235.00,readv2
U236.00,readv2
U237.00,readv2
U23z.00,readv2
U24..00,readv2
U240.00,readv2
U241.00,readv2
U243.00,readv2
U244.00,readv2
U245.00,readv2
U247.00,readv2
U24z.00,readv2
U25..00,readv2
U26..00,readv2
U260.00,readv2
U261.00,readv2
U262.00,readv2
U263.00,readv2
U264.00,readv2
U265.00,readv2
U266.00,readv2
U267.00,readv2
U26z.00,readv2
U27..00,readv2
U270.00,readv2
U271.00,readv2
U272.00,readv2
U273.00,readv2
U274.00,readv2
U275.00,readv2
U276.00,readv2
U277.00,readv2
U27z.00,readv2
U28..00,readv2
U280.00,readv2
U281.00,readv2
U282.00,readv2
U283.00,readv2
U284.00,readv2
U285.00,readv2
U286.00,readv2
U287.00,readv2
U28z.00,readv2
U29..00,readv2
U290.00,readv2
U291.00,readv2
U293.00,readv2
U294.00,readv2
U295.00,readv2
U296.00,readv2
U297.00,readv2
U29z.00,readv2
U2A..00,readv2
U2A0.00,readv2
U2A1.00,readv2
U2A3.00,readv2
U2A4.00,readv2
U2A5.00,readv2
U2A6.00,readv2
U2A7.00,readv2
U2Az.00,readv2
U2B..00,readv2
U2B0.00,readv2
U2B1.00,readv2
U2B3.00,readv2
U2B4.00,readv2
U2B5.00,readv2
U2B6.00,readv2
U2B7.00,readv2
U2Bz.00,readv2
U2C..00,readv2
U2C0.00,readv2
U2C1.00,readv2
U2C2.00,readv2
U2C3.00,readv2
U2C4.00,readv2
U2C5.00,readv2
U2C6.00,readv2
U2C7.00,readv2
U2Cz.00,readv2
U2D..00,readv2
U2D0.00,readv2
U2D1.00,readv2
U2D2.00,readv2
U2D3.00,readv2
U2D4.00,readv2
U2D5.00,readv2
U2D6.00,readv2
U2D7.00,readv2
U2Dz.00,readv2
U2y..00,readv2
U2z..00,readv2
U2z0.00,readv2
U2z1.00,readv2
U2z2.00,readv2
U2z3.00,readv2
U2z4.00,readv2
U2z5.00,readv2
U2z6.00,readv2
U2z7.00,readv2
U2zz.00,readv2
U40..00,readv2
U400.00,readv2
U400000,readv2
U400100,readv2
U400200,readv2
U400300,readv2
U400400,readv2
U400500,readv2
U400600,readv2
U400700,readv2
U400y00,readv2
U400z00,readv2
U401.00,readv2
U401000,readv2
U401100,readv2
U401200,readv2
U401300,readv2
U401400,readv2
U401500,readv2
U401600,readv2
U401700,readv2
U401y00,readv2
U401z00,readv2
U402.00,readv2
U402000,readv2
U402100,readv2
U402200,readv2
U402300,readv2
U402400,readv2
U402500,readv2
U402600,readv2
U402700,readv2
U402y00,readv2
U402z00,readv2
U403.00,readv2
U403000,readv2
U403100,readv2
U403200,readv2
U403300,readv2
U403400,readv2
U403500,readv2
U403600,readv2
U403700,readv2
U403y00,readv2
U403z00,readv2
U404.00,readv2
U404000,readv2
U404100,readv2
U404200,readv2
U404300,readv2
U404400,readv2
U404500,readv2
U404600,readv2
U404700,readv2
U404y00,readv2
U404z00,readv2
U407.00,readv2
U408.00,readv2
U409.00,readv2
U409000,readv2
U409100,readv2
U409200,readv2
U409300,readv2
U409400,readv2
U409500,readv2
U409600,readv2
U409700,readv2
U409y00,readv2
U409z00,readv2
U40B.00,readv2
U40B000,readv2
U40B100,readv2
U40B200,readv2
U40B300,readv2
U40B400,readv2
U40B500,readv2
U40B600,readv2
U40B700,readv2
U40By00,readv2
U40Bz00,readv2
U40C.00,readv2
U40C000,readv2
U40C100,readv2
U40C200,readv2
U40C300,readv2
U40C400,readv2
U40C500,readv2
U40C600,readv2
U40C700,readv2
U40Cy00,readv2
U40Cz00,readv2
U40y.00,readv2
U40y000,readv2
U40y100,readv2
U40y200,readv2
U40y300,readv2
U40y400,readv2
U40y500,readv2
U40y600,readv2
U40y700,readv2
U40yy00,readv2
U40yz00,readv2
U41..00,readv2
U410.00,readv2
U411.00,readv2
U413.00,readv2
U414.00,readv2
U415.00,readv2
U416.00,readv2
U417.00,readv2
U41z.00,readv2
U72..00,readv2
1JP..00,readv2
SL...15,readv2
U204.13,readv2
K048.00,readv2
SL...97,readv2
SL50400,readv2
SL50500,readv2
SL50600,readv2
SL50700,readv2
SL51100,readv2
SL52200,readv2
SL53100,readv2
SL54300,readv2
SL54400,readv2
SL5y000,readv2
SL83200,readv2
SL90100,readv2
SL90300,readv2
SL91000,readv2
SL91100,readv2
SL91200,readv2
SL91300,readv2
SL91400,readv2
SL92000,readv2
SL92100,readv2
SL92200,readv2
SL94000,readv2
SL94300,readv2
SL94400,readv2
SL95000,readv2
SLC0200,readv2
SLC0400,readv2
U20C.11,readv2
U20C.12,readv2
SL...14,readv2
SL...16,readv2
SLz..00,readv2
SyuF.00,readv2
SL...98,readv2
SLHyz00,readv2
SLHz.00,readv2
SLHz.98,readv2
SLHz.99,readv2
SL5..00,readv2
SL5z.00,readv2
SL5..11,readv2
SL5..99,readv2
SL5y.00,readv2
SL5y100,readv2
SL5y199,readv2
SL5yz00,readv2
SyuFA00,readv2
SL5..12,readv2
SL5y200,readv2
SL51.00,readv2
SL51z00,readv2
SL51000,readv2
U200.13,readv2
SL52.00,readv2
SL52z00,readv2
SL52100,readv2
U200.11,readv2
SL54200,readv2
U200.12,readv2
SL5x.00,readv2
SL5xz00,readv2
SL7..00,readv2
SL7..11,readv2
SL7y.00,readv2
SL7z.00,readv2
SL7..12,readv2
SL70.00,readv2
SL70z00,readv2
SL83x00,readv2
TK01.00,readv2
TK01z00,readv2
U202.17,readv2
SL70400,readv2
SL70511,readv2
SL76.00,readv2
SL7z.11,readv2
U202.11,readv2
SL8..00,readv2
SL90.00,readv2
SL90z00,readv2
U204.11,readv2
SL8..11,readv2
SL80.00,readv2
SL80z00,readv2
SL84.00,readv2
SL9..00,readv2
SL9y.00,readv2
SL9z.00,readv2
SL90000,readv2
U204.12,readv2
SL90200,readv2
SL90211,readv2
SL91.00,readv2
SL91z00,readv2
SL92.00,readv2
SL92z00,readv2
SL93.00,readv2
SL94.00,readv2
SL94z00,readv2
U202.16,readv2
SL94100,readv2
U202.12,readv2
SL94200,readv2
U202.14,readv2
SL94500,readv2
U202.15,readv2
SL94600,readv2
U202.13,readv2
SL95.00,readv2
SL95z00,readv2
SL97.00,readv2
SL97.11,readv2
SL97z00,readv2
SLA..00,readv2
SLAy.00,readv2
SLAz.00,readv2
SLB..00,readv2
SLX..00,readv2
SyuFH00,readv2
SyuFJ00,readv2
SyuFL00,readv2
SyuFc00,readv2
TK02.00,readv2
TK3y.00,readv2
TK71.00,readv2
U207.00,readv2
U207000,readv2
U207100,readv2
U207200,readv2
U207300,readv2
U207400,readv2
U207500,readv2
U207600,readv2
U207700,readv2
U207y00,readv2
U207z00,readv2
U208000,readv2
U208100,readv2
U208200,readv2
U208300,readv2
U208400,readv2
U208500,readv2
U208600,readv2
U208700,readv2
U208y00,readv2
U208z00,readv2
U21y.00,readv2
U22y.00,readv2
U232.00,readv2
U23y.00,readv2
U24y.00,readv2
U250.00,readv2
U251.00,readv2
U252.00,readv2
U253.00,readv2
U254.00,readv2
U255.00,readv2
U256.00,readv2
U257.00,readv2
U25y.00,readv2
U25z.00,readv2
U26y.00,readv2
U27y.00,readv2
U28y.00,readv2
U292.00,readv2
U29y.00,readv2
U2A2.00,readv2
U2Ay.00,readv2
U2B2.00,readv2
U2By.00,readv2
U2Cy.00,readv2
U2Dy.00,readv2
U2y0.00,readv2
U2y1.00,readv2
U2y2.00,readv2
U2y3.00,readv2
U2y4.00,readv2
U2y5.00,readv2
U2y6.00,readv2
U2y7.00,readv2
U2yy.00,readv2
U2yz.00,readv2
U2zy.00,readv2
U407000,readv2
U407100,readv2
U407200,readv2
U407300,readv2
U407400,readv2
U407500,readv2
U407600,readv2
U407700,readv2
U407y00,readv2
U407z00,readv2
U408000,readv2
U408100,readv2
U408200,readv2
U408300,readv2
U408400,readv2
U408500,readv2
U408600,readv2
U408700,readv2
U408y00,readv2
U408z00,readv2
U412.00,readv2
U41y.00,readv2
ZX1L900,readv2
ZX1L911,readv2
SyuFF00,readv2
SyuFK00,readv2
SyuFd00,readv2
TKxy.00,readv2
SyuFG00,readv2
SyuFM00,readv2
T....98,readv2
TK07.00,readv2
TKx7.00,readv2
TK...00,readv2
TK...14,readv2
TK...15,readv2
TK...17,readv2
TK...98,readv2
TK00.00,readv2
TK01000,readv2
TK01100,readv2
TK01200,readv2
TK01300,readv2
TK01400,readv2
TK01411,readv2
TK01500,readv2
TK01511,readv2
TK03.00,readv2
TK05.99,readv2
TK06.00,readv2
TK08.00,readv2
TK1..00,readv2
TK1..99,readv2
TK10.00,readv2
TK11.00,readv2
TK1y.00,readv2
TK1z.00,readv2
TK2..00,readv2
TK2y.00,readv2
TK2z.00,readv2
TK30.00,readv2
TK30.99,readv2
TK31.00,readv2
TK31.99,readv2
TK4..00,readv2
TK4..99,readv2
TK5..00,readv2
TK5..99,readv2
TK50.00,readv2
TK52.00,readv2
TK53.00,readv2
TK54.00,readv2
TK55.00,readv2
TK5z.00,readv2
TK6..00,readv2
TK60.00,readv2
TK61.00,readv2
TK6z.00,readv2
TK7..00,readv2
TK70.00,readv2
TK72.00,readv2
TK7z.00,readv2
TKx..00,readv2
TKx0.00,readv2
TKx0000,readv2
TKx0100,readv2
TKx0z00,readv2
TKx1.00,readv2
TKx2.00,readv2
TKx3.00,readv2
TKx6.00,readv2
TKxz.00,readv2
TKz..00,readv2
TKz..99,readv2
U2...14,readv2
U2...15,readv2
TK...11,readv2
U20..11,readv2
U30..11,readv2
ZX1..13,readv2
TK...12,readv2
U2...11,readv2
U2...12,readv2
TK...13,readv2
TK0..00,readv2
TK0z.00,readv2
TK01011,readv2
U202.18,readv2
TK04.00,readv2
TK05.00,readv2
TK20.00,readv2
TKx5.00,readv2
TK20.99,readv2
TK21.00,readv2
U20B.11,readv2
TK3..00,readv2
TN3..00,readv2
TN3z.00,readv2
ZX1H100,readv2
TK3z.00,readv2
TK51.00,readv2
TK6..99,readv2
TKx4.00,readv2
TN84.00,readv2
ZX1J.00,readv2
TK60100,readv2
TK60111,readv2
ZX13100,readv2
TK7..99,readv2
TN6..00,readv2
TN60.00,readv2
TN61.00,readv2
TN6z.00,readv2
U20A.11,readv2
U2E..00,readv2
ZX1L.00,readv2
ZX1L100,readv2
ZX1L200,readv2
ZX1L300,readv2
ZX1L600,readv2
ZX1LD00,readv2
ZX...11,readv2
ZX1..00,readv2
ZX1..11,readv2
ZX1..12,readv2
ZX1..14,readv2
ZX13.00,readv2
ZX13.11,readv2
ZX1L700,readv2
ZX1M.00,readv2
ZX13200,readv2
ZX1L500,readv2
ZX1LA00,readv2
ZX1LB00,readv2
ZX1LC00,readv2
ZX1L800,readv2
ZX1L811,readv2
ZX1N.00,readv2